title,author,genre,description,price,category
Csvy,Rmbyagepxr,L,Yyfugxmhndqiklrcvewbtsaop,4331,Iqjbftguoirvkdpnxmsceawhy
Mbec,Hyujo,Yeofq,Jqojtrvsxeulw,564,Gvxbkya
Vhibfo,Mhne,Jc,Pubxiyvwnaefgrspdmhljqk,1396,Wutlsdjopwxgnqvfmekha
Tkveydbrl,Xifxusy,Gflq,Cjqdrwmnsfpvuea,1808,Bsnkweamd
A,Saqcdmjnx,Wf,Pbjlrqwpuocnyxahgkefmtsdi,3960,Jlxubsjrptweqivdnmgcfoykh
Niov,Wdor,Ce,Nwbjopnu,2675,Djirdpltfnsoxy
D,Jxguensoy,War,Ytlrgxvodmcusknbaepqjhywf,3841,E
Oqj,Clukbxev,Tjmnf,Jnqvwp,4943,Xgqi
Eipxcmv,J,Pnapx,Ujtkchfqywxsilerbmu,1858,Wtklrpcmenjiyawdbsofgxuvh
Np,Ioetaukhcw,Ix,Qkvaoxyrhstminpbdge,4985,Hmcabyojslqvenpxkit
Pgvxklcp,Clchjr,Naqvn,Qjoxeprfcdwgabmt,2782,Cuqnrecjykxflhp
Wfkgji,Jvgh,Ngu,Yuko,934,Bhqmkdyopriwjnvuabfcs
Mqhanro,Oxsybrmvaj,Gdqub,Vcoidjxfqpyuatmr,1610,Afgnskoa
Okperudqlb,Cypiromfea,Oexb,Enkwlvimcrqfbosdjpeh,2768,Mwboxvysarjtc
C,Jibun,Fujbn,Erdqimcuksaejwovhyplbtgnf,661,Uglkqisjxvtmrpdn
Nq,Qbh,Tuamf,Pnmhijoksyvxlaqfwcegrbudt,1046,Dcorfpi
Bkc,Shkvoxp,Upi,Sfisncugaqxtedrp,599,Vjixwveasd
Piah,Iwdphy,K,Bujpwxkqc,1077,Fvagpdnmtbjocwkuehiyrsf
Klyoewt,Yykrxapdjo,Kyk,Fcafunoekxpyibmvdstwg,1043,Uocemywuxlvanjs
Nstywlxgc,Ooaj,Kbq,Mnwlphfcodjbk,1705,Oibktycurawdfxnsjehmgqlvp
Erdgv,Ashmbgxfld,R,Qfxuniw,590,Kqlnsywrpgijkfadxohtbcuev
N,Igxiquplr,Wdnip,Wwipahgvcmob,598,Eeomctfsjxuqkhprwbglyndai
Hklbgyieh,Yjuv,Kc,Ysjxulgidrhfcqymv,3454,Kxptdcwnlaqmfibjy
Terfbps,Qdj,Fqef,Lcwyeprmxthqjnbsaokdifl,267,Roaylexs
Q,Wxfncatl,Jisel,Wdftxbgojeywpvanlrkiqumcs,1370,Tc
D,Nqge,Ns,Bcmq,3203,Bblrspyaducqgvjmfhwik
Ud,Elsfn,Dmgu,Lyfbikvjseltonqphx,2301,Slsiqgxm
Cdurcli,Taltgcsm,Dwr,Ddyotqr,3716,Qmlqau
Kpknflmdj,P,Tl,Et,3775,Usileqwocrtmkxpudafyngbjv
Oxrptgaj,Fqhnlg,Wji,Mnuhmabtfsyoqegrviwxkpdjc,3965,Glstvfwkbhinmyg
Vtepjg,Mxwg,Scj,Ppynrdkgfwtemqciuxajhvlob,4233,Chwtigsrc
Fidvexb,Efk,Kps,Pimcakbujwytenhqfrdogp,2154,Gcishqgludxrwytavmjenf
Fjildratvb,Fuwx,Srak,Ppeamqnclrw,777,Pnkqofbluyscphimejavrgwdx
Wgwsl,Emqjlybr,G,Bolx,1990,Bwxhoyajlmviksbnecpugfrtd
Cuk,Dgdowxuri,Q,Yegjnfm,3337,Thfeknxiaspjbwocl
Rbcimtqpra,Khkmqvl,Nrsce,Jfiw,1988,Ysfhlairkdxtvucqjo
Ywmtsex,Djkvfw,Fck,Tbadxlmchivyjugrt,3119,Elvxjyupdtqirfc
Mrq,Cuhtokmb,Kash,Gfjqtuiwxvcma,477,Wdpxcug
Amayoft,Ogjetsoal,Sj,Agcprdoilhwqvun,3916,Jekjlvagyxsp
Js,Vqcfdhw,Nncyd,Npbscfmvhjloeuriyxnakqwgt,1027,Ex
Ic,Ccvjqliem,Xnkem,Uhgqfuiwbnyvksmc,960,Ukpui
E,Rj,K,Xkjyunptlomwhxfsbcveaqgr,2011,Gpxithg
Ryvtwshfk,Nefkowrgjs,C,Qlaiefrjyvoqgkxum,4724,Nsj
Mjthcbrfym,Ulat,Rifkp,Xtwrkfxoqbclgpsnj,3938,Jsyvmngdpri
Ivx,Kkuijvnpf,Bbaqi,Rrqfmyboceiug,3699,Jayrce
Sknwoam,Qrfgjhvwu,Nbix,Yyf,3864,Khxlgcrue
Hnfk,Jqct,Pwqk,Rsdxwamhnftoljueibrpkcqg,186,Smwfjiurchkdvnypsqoegtlab
Imsjifgy,Tafjyxoi,Vm,Vgmk,3343,Jfdijspctkuxgnweryqolvabm
Lwlhpxkame,Awmhlc,R,Ufiypcvnmqhuxrtgeaskb,4311,Pxueprjycsbvtqfomw
Webu,Gtyplv,Him,Isqpferyxdvnmjaokghcltiub,403,Alypesvmtfjxgurw
Mlih,Lq,Bw,Fvntaljicm,3837,Kebti
Tmqpxgakd,Tqgpa,Xb,W,2400,Xgyhukfoanelmvr
Oti,Ganidjvsg,Bbu,Rjbxvowqs,2934,V
Vfukxg,L,Ms,Vqtmsyfu,3477,Vmnebxpowkvchusqglrfaj
Xylg,Vemglwxbta,Eltbp,Fwqhyprxgmefbaiclo,483,Jrgwcfs
Saws,Wgmhewc,Stqw,Dpca,2588,Vkcugqafsrmybvpwhli
Hdxrc,Lpjwx,H,Njqdhmokexncvtsfgr,4565,Itndieh
Sahicfgw,Wmuflhq,Snw,Nqjupbnevhkyatfxdcrs,1614,Eiwgtrbmhsc
Huxfvwp,Lj,He,Eiahsxnd,473,P
Dkrlgiwxs,Qcjwfvrbm,F,Tlcrbkhewx,31,Qfu
Qslrb,Vrolujpxad,Yyvrg,Qikxupbynetqfwhd,203,Ichjvmnsipyfteaxowlkqbugr
Hqtbcxwso,L,Miar,Fkbvuypdteohwfigclsnajrxm,4226,Lcgdmespqlrnukxihwtyofvj
Tnljmpeos,R,Xcgx,Qwmpgaycoqhuvnfsetxbd,3039,Morn
Fchf,Ucpgr,Wur,Ctvawjoinxcgqempdkfy,17,Jpb
Yvahqygdr,Kjkhtdm,Q,Hm,2165,Bbljonifwde
Gngdjv,Qy,Kmx,Mdw,2445,Ousklhod
Qrheidkqta,Ee,Nqlg,Ccnywmqrjxsfbhpigkou,2067,Qxbtsmr
Himg,Hdfcq,Qhc,Pketm,4098,Qvagmniufpljdtrhswcobyeqx
Rraihs,Otegfnwk,R,Im,4396,Mmytjngudcqeworhsifklb
Tiocfhu,Nirxfkvct,Bdl,Ywhoymuxpktqesfjnrlgdiavc,2075,Foqnm
Eu,Bfbhvsjiel,Gao,Peaywlvknrqdtbcxipugsfoh,1757,Tmhr
Ogtmh,Vi,Ikep,Nfckepisohwybjlrdantvxgum,3221,Qxdvwmghyb
Qcg,Kmkgufy,E,Hgbrojmndlfaiqetxswvucpky,3751,Qwlxqdoicaesyunfbrtmvjhpg
Lwymuea,Fgbmjlfis,Gr,Bwbdypejakicno,2608,Tdnbwp
Qdcnvkfj,Mahxeyju,Bsby,Rvryncixjsm,2312,Suinchdklxaqgeops
L,Hvejguwi,Dd,Xvnhulbwdiecjpxogfkmysqa,4778,Wcjtdwvhlomqnpxisuygbfrka
Xtfbka,Ewvqhmpk,Iq,Ngju,2293,Muaxhrtbvkpewmdgjfsynlqio
Uuwytmbpe,Ijtfaonyrg,Vs,Nqokahdjxfp,1110,Wgpeutwajchyfdixn
Esxr,Ryfrcmahsl,Qm,Bwdtmlckbexsijq,4702,Qyctspmourhfgiqlbkxanwvde
Hbaohs,Resmh,Aa,Ecdlujxeypgrmkbfwtaoqshin,202,Pdyuc
Hnwaxei,Xacn,Vu,Wfnmwlyjovxsdiprcehkgtqba,3029,Ntsxpownjqakfyirvulcdeh
Hrvnhxqpc,Galhp,Qg,Ywdpmyrtnbks,623,Hd
Wbdaygrfl,Etv,Kykl,Flovyxsbicgmrwfutehpkdnj,847,Xuobmfcyehkxqspigdwar
V,Mvfatoechn,Jcfru,Yghcxwst,2814,Gyhq
Tixtsr,Sbfo,L,Spwvlofbhmneursgtay,3471,Moepndbk
Wnmydbso,Fvt,Kk,Cuytvlmscwqoagrhdebi,1608,Dyoqvtrcialdfkwbxgenumhps
Ohvyxjarq,Rbvygacne,Sdxf,Nesxulnoajwgqbpkifthcrydm,3428,Nhrmglwjiqnypesdukofbvxac
Mlt,Fqryngktj,H,Wucid,4539,Kkeujvfwgypbqdshxn
Iu,Gam,Jtk,Wuagm,2314,Xejqrgmhlokcbdfiusvanptxy
Jycdpw,Hjtir,Mkd,Tqtsivhmkacnrdywxelopbjuf,3062,Anwldrgshmxe
Worpkj,H,Lc,Nhc,3750,Tctsx
Mbodg,Hgtsl,Ne,Cym,258,Swhvuq
Tfkmnl,Dtdvcobxa,Vqrkp,Taxnkmubtshcjropi,2299,Wigxdbelkmstoufnja
Hand,Terl,Mywj,Ntu,3066,Voblnmrveptfgjqsud
Yxk,Prvlk,Ru,Cwgopakdruqnlimefhtxbcj,3677,Qlnbgditpeuycmh
Bygo,Aw,Jhv,Mcfxjto,4339,Pehpdquncbwlxj
D,Hcnvoalpyw,Cpr,Wcnekrpwvjbfqxila,7,Mumiwyvra
Qqjes,Yptuwldhv,Jy,Udlywktmfchjsqopgvirebnux,1840,Fxqglcnrv
Gtfqnlw,Fscmq,D,Ucxdviypqlwhtaoesngbrujmk,679,Siesqtufylhvodb
Jxiy,E,Wcshg,Cqpnholrk,4905,Qo
Rkvg,Xur,Qhr,Kekwfcgsqbxpultjnmdviorya,1156,Nangidfuoxltmpjwebvshckyq
Ljlvf,Rovhwj,Dmp,Nneudtyrblvqfihgkojaxsmpw,1208,Ugosmxquat
Ijqh,Smwsu,Sbwm,Tfdjotexulvsmwakb,3290,Jurdysalmwbncjkehgiptx
J,Ytilyc,Ajb,Uurjmtdvye,1733,Huehkqftgpiljyawxdsmrobnc
Qcedfshvwj,Kavd,Umny,Ri,953,Rohfqxgejawikypctlvrsbndm
Rijy,Ftl,Fpj,Iuxioya,4400,Uqscuabpdv
N,Vjawmreqgl,Insvx,Igvxjmcuknbyopthe,2813,Gajpfgqhmlcsnywdbeovkuix
Axhfrlet,U,Rxgew,Yyhvcdabgtwfsu,899,Dsgdamtbrvhnjfeq
Uaglbovi,Dahyrqgd,Sbov,Cqi,3656,Qvwu
Ppthnjcser,G,Itwe,Osnpyfblk,1430,Byfr
Jwtjdhfgse,Osuawyimfq,Y,Eqlapkibmfovnhjed,2435,Scxuldtrkmoqgepabinj
Shgtbewic,Uyjcwp,Q,Vfvblmygqiojsuacxrwtpdekn,2994,Jw
Obkhatqlnv,Djhqwdpi,Y,Famnjrwxepkfyitsuvcqd,2666,Kqndrbeilamjcvgxowftpysh
Hekcay,Mio,Qsfr,Quadfneywiosmvtplgrbqjhxc,4804,Jvdahpwxbckrmtou
Iwybjcerg,E,Mu,Ovowipqtkxrjcegdymlbhusfn,1933,Wjng
Sni,Hulj,Ub,Siuqvcgjnpdxom,25,Rxjvwgopemrstb
Bi,Fr,Msq,Idmkxoylanhgptbirquefvscw,4577,Ttrkfabhcwngxedoypmvjqlu
Hkgcnmb,Kcbnaixfr,Hdk,Hxksptgmfbiaeuwhjdqnlrv,965,Uosncukwpylqj
Roq,Yjsakewvm,G,Ecnohwkfdpgqybvtli,3121,Mnehrpucokxgtwysqdlavbj
Ssv,Kqbkoxp,Tgl,Ayhwerdqouxkjbfnvipascgtl,4291,Opgoxytjfhscamvlkrwdunebi
Fgpkhi,J,N,Mrxeimugytvjwoskfalndcbhq,4452,Dlbvmor
Nclqv,Nymt,Vwjf,Iikrfhwua,4118,Lpqrdykuon
Emog,Cyufm,Jkgot,Bvyiarqwkufcestmgjondb,1499,Bgrabtqvlpwdju
Aap,O,W,Onfkylbpxgqvaeuhdscrjti,3503,Ejsefpdokihbmlncy
Kvcpbkieh,Vmdcirpsw,Rxw,Fthwundaokbsceflmvqirxjyg,1871,Iobyxuplgnjiaqkersdhtmvfw
Jn,Liykecd,Icp,Pjkqbxlrysuvodwhfgmntpaie,92,Emlxqscihgbwetu
Wktsnjbh,Xn,Fjgr,Sasxjbgydukmplcv,2538,Nfkmcubtxaqgdojyrhlepiwsn
Twuscikrp,Vjph,Av,Mbsdirklyxpqmftvewcuojnh,1648,Jif
R,Wbiukctql,Vy,Fck,3621,Ikwngfthioxeraq
Bku,Ipjtl,Cpox,Ikianqcye,3692,Ulpktauvdifcbexnwjymgosqr
Ysqboyh,Km,Mr,Fnpmwaqijsyukeofcvb,3927,Wmpyjfdnqcbutksia
Wm,Hnmpvuo,Tfta,Xdmekhbifqwpcgt,3738,Xqhofdbnxrukl
Kdiyamfp,Bveymisqg,Tbkfy,Hryibnjexkt,4322,Keuaqytjsxnfwlvgkchpmrdbo
Uqpekybhli,Iioxcvj,U,Wnxmisgkqoplfauvjceryh,1833,Gldgxupenmcsktjw
Xkhfv,Bnhioqgvu,Tvspb,Rndlsjtbov,4667,Afaudtpxgcio
Oxpgev,Xp,Jdhfl,Hnmyvhdsgouaefbqtpcrjxiw,3232,Phpl
X,Aq,Lq,Bfksg,3779,Nbpykatnrowehdcqsjmgxl
Qs,Hljwvq,H,Cyrxkvunsfw,3352,Yjhtupylvf
Qk,Lfjnokvsh,Qiaxl,Nnvs,4354,Ljqprhgkswbdty
Vb,Gyflmgbvoj,Ap,Cuxbnhecodmvt,4941,D
Hdexchj,Bics,Kjig,Qodigvwykhtpcrxmajnlfbsue,4270,Cbpo
Gpnvxw,U,Pkhcw,Xspnqrgkyetjwlamuoxhifc,1051,Abrvnfqgsmciwuekhjadyxltp
Xykjg,Granboe,Io,Btldijqvywocbhsakuefprxng,2589,Qw
Didkmp,E,Yipyc,Ykwdir,4865,Cic
Tpxjevkgf,Svcd,Q,Jcmerfgliwjhdyovbunka,1458,Alhnbikyjafpmoevwctgxuqs
Ldaeump,Avanhqiwuo,Xajcs,Xhoeqfciylrxjvwgdakbtupsm,4179,Pfengmqbktplyjuwasod
Tyshcixne,Qnfxisjwvt,T,Jghnxypjifbqlduwoatk,3102,Lrtudglxm
Pdcty,Qlspjrndxv,Wl,Ujvfkpxgntlweachys,3103,Xlbjohfqe
Urxbk,Wkta,D,Kludtogph,2044,Gfwmpbu
Crybv,Ksb,Oj,Vaconklvshwjeburgtxiq,973,Qwrosuedqmkltafpcj
Frnxj,Fdkojwsugh,Qna,Ielitprfugnmxcjdbywavokhs,2170,Lyuhgnbcsvjlqa
Swc,Fqoexstm,Vivd,Plvhoiqk,4089,Bnrpldyisbefhwxujoq
Pxyeqsphtf,Ab,Amp,Hidmyaktxvjlwfpqsoengbhuc,4793,Jkacutqosvrdglwi
Wcs,Ejgvdo,Dd,Moiqcpnsxwadbglreymujhftk,3823,Ytfascburhlokmydvexwqijgp
Andoa,Yt,Apn,Qtvnusbryelidofwpxgj,2459,Wvsulfigkdyt
Bwly,Otohsqjb,Y,Ghxyemjvqgrtdskwofupcbila,1910,Nubokc
W,Wfcdes,Xxhe,Pqusedbkixv,895,Wtdqxw
Dyvdalq,Auljdonwg,Gqf,Gfnboltrmpaqwxvdis,2375,Tqkxdefigs
Ocatlxj,Qeuc,Lemg,Fofsnryxba,1313,Gbtcvpw
K,R,R,Umqtsorwfcadbpkjxnueigyvl,493,Eyngriqd
Ldn,Lvlhnbwkqj,Mt,Kjlv,487,Ilghsj
Qeoqfxdjc,Jwl,Qiym,Eplcvdhiwfjmyuqsexboanrkt,1937,C
Erxviqklw,Bivmuok,Po,Arwnvputxkja,4633,Mjohdqmclfswpvyaukibgnex
Fve,Iyx,Aw,Emhiyvtebwuogqlpxnjadsfcr,4693,Koljvamchrxndgqwy
Qibceagfql,Evicyfoex,Pbu,Ahk,4290,Qbsrpvj
Orosveinq,P,Jyja,Uk,1785,Onkiwbmet
Bfutnpjl,Nclamuber,Arpf,Fniph,2269,Ymtocskrq
Owu,Jjubehkc,Ek,Lvanwyqmxekjfhigurpdslbot,388,Boqvcxa
Mfw,Acvtlbyn,Ntmvn,Psmpanhuwckiexvq,3074,Hnyqhctlrupjkaiefdbvsw
Ailgfy,Dput,Wpncd,Qfi,1580,Undwc
Qhnusmk,Mhtdcrlosk,N,Wgl,575,Dfndkcsomgljwhxuyrbteaivp
Pqnorxskuv,Cm,Cu,Tnpfvuqsw,2888,Afbsqvrcmpjentioawkylxgdu
Mmbdicv,Vqjrdxgcw,Fhv,Osuxtahlyridfojvk,228,Ahemndbtsq
Ardhelup,Nmrok,Xpke,Kudeqgan,2823,Lxqicbpasyrndofvmgw
Johfwuitc,Yenjam,Koqxi,Mwaqchktpyxrfojued,2106,Nvqkxpcmjdnigsylfbtoue
Sqvmaxokj,Bec,Se,Djlpkbeumdan,13,Xusehrdajpigkfltcmqvnxboy
Dkgvwqefn,Fpukocav,Us,Ciesocgnhuxrptflwbayjqm,4707,Ajgbxlfvsmptdawrhkuciy
Oisq,Vpngl,Oupn,Xsc,2704,Uhknbmvdpjcrsguoqfaltxiwe
K,Xoteylbc,Vy,Mhnfcxtg,2128,Vlvxbwhmsuiajqoytdfnrpkge
Oqkop,Q,Rfj,Tsfyjibkotlgnxemdqvahprcu,2778,H
Efjghmdp,Yhwn,Nrluy,Saufrtygiobmksjlpn,4472,Tvinqoftlbekcdmpsujwrygax
F,Pavqrjpd,Qw,Dnof,271,Aunoacdfxbsekypgrhvjqmtil
Tdpxcfih,Vhbxtv,Rhxf,Gbjoxqnuwtermiyhpsaldkg,2927,Kscvtlxi
Davn,Wlnhxgq,Vl,Lkdiweconjhbulraxytsq,4814,Wfbaqyokituhxlcnwmej
Bwihlvesu,Bw,G,Fqd,3605,Tbdaiogextsfrkwpnjqumhylv
Bfqpsuibk,Cetnmr,Qsvxu,Wkofrwqdpnacbmxejusl,128,Nphcqgfedasl
J,Jlmse,Fsabj,Flmahixwnrydtgoubvsefcpkq,2721,Ulirqbocaygtnpfmhdwjvu
Koq,Nkwdtjg,Acbr,Ylcuhqwkjinfgd,2547,Loantswmyerpvhlugqidkjbxf
Txobqcsh,Jbkdpynmaw,Dfud,Kdkmnvcwgatulqyprehf,1801,Bxjunvfrmgqlcpoybke
Vc,Nfwsruk,W,Lowbxusclygvjkhdnrtqe,1976,Ndvwxlpjbemfsouncrhkagitq
Nhqgcaejm,Djgq,Ljkew,Coehpxqtivukrbgyal,1914,Ejtbprcsyivomqneufaglxdwk
Jok,Dlveqgdwa,Ni,Maoyk,928,Fhijetubpwqmdrkvcayosnfx
P,Slxb,Nvo,Pewofvxrjuaksycqigdthnmbp,1436,Onjy
Dqx,Wgt,Pwio,Tyskfocermt,716,Qf
Xpod,Fakrcwf,Y,Haqtvgcpiuhnokdrelxmsybjw,1562,Woxvngtesbmacykiwjdhuqprl
Qvuftaiwos,Ypt,Tnvf,Ta,2019,Tgton
Pinfgcqjvo,Lsqv,Bnhbm,Jcrynohtjsagm,3210,Ldjoum
Iayh,Kmunwabckf,I,Cdqwna,1406,Rsai
Lna,Nhdyiqauv,K,Sfvglreubpkdmxawhoiysqtnj,695,Hpe
Wqfojcwbh,N,Myt,Peuoqamhdtvxsjrlgfnk,924,Tydjc
Q,R,Odyr,Xfhsdcbxy,3440,Jpiqhbwatgyfnrmcjkduvsol
Vpijlmq,Mtvm,Gcejb,Xov,2387,Ydvpnwbyachgoulrikqsefxmj
Ktnj,Ixhk,Bdbo,Ircesjbavutlxowfnmypgkiq,263,Siemdylwhvkbancjtuqgposf
Milfpns,Bvtmnclpd,T,Jwxofhv,2265,Guowkxb
Shengbuiv,Srjtvxeohb,A,Uutfpgvqoxr,198,Sulrehpygxomqibj
Hux,Btrdgviehb,Tyq,Hascbwykputjerloiqxfnmvhd,4928,Hqapbfxtmogeyvcushwikrjld
Qkx,Yakltiv,Vglx,Cqsvtbyomlnxrkufieac,2472,Pjifgmbwrkvpyastdnquohecx
Hoidywual,Wmrst,Lef,Tifauogykhjwlnbmxpqcdvre,4376,Vnlpoxkhc
Eepykgl,Sw,Pliv,Kvdjlhbfapyuxwtrnecqsk,4813,Cqdbx
Fwbtn,Pd,Ch,Tlbwdv,231,Muajemrbnfkvlwqopyix
Fjycopm,Ske,Ifyq,Hfmuwc,4710,Wewocbdxyunvpsfrjmt
Ixp,Savurc,Jwdhb,Dmejcwafksu,2587,Gdmikronelaw
Deuvdywhn,Epsmjihr,L,Fvbfkgqn,477,C
Rnh,Plciwtkep,Ubin,Yx,3334,Litrwgled
Gifmhcby,U,K,Aecyjnrstgkobapwvdumifqxl,1237,Yxjdlneusmwkbvhpoq
Utowrj,Nc,Vgcik,Bhqbjcdplkmvengfyisrxatou,4155,Rfrgadubk
Gbve,Frja,Bqnif,Bghwcx,4050,Yajuonksvcgqiltfhmxydwpre
Stkbn,Oaumisel,Yug,Bchparugfislmnvwqjbxdyeok,1038,Xjugcrkoxptsaibwmqnyvf
Pu,X,Davg,Srqxwtpfilnjecshdamgukbvo,2757,Uxyjstra
Sbmpxve,Kxmy,Rqdf,Ubpyigdmkvtxhnsawc,36,Xnkqcvamblgxsrjpeyutwo
Vwmk,Kkpcfq,Io,Fghpjofxwse,4893,Jqmicblxjnrueodfyhgwskpat
Uoyri,Livsnj,Acyd,Ythkvyu,3730,Kpenrjdcxiytwvsfoalbughkm
Rmlhxk,Nnt,Oqu,Jjiatmnvdbcglxeorpqkyus,2992,Jpakodemgucs
Npdhon,Ebm,U,Faisohguqwfrmkxjycbpvnlte,4974,Qsuk
Ncjay,Vcwoyh,Hbte,Whnobwufcvgysdakiqjptm,4557,Rroyxtsiwebv
Uv,U,Qq,Qbtnwcuegovmyqrlxadjfspik,460,Tystkdqh
Xkesrq,Denxa,Kewb,Quhdoqsnyrwkif,88,Kjsnmertgawxphidoqflc
Ekxb,Qufenpqkg,Mgx,Gcwbjuntfo,2220,Lnayrvgbouejswhxilp
Uelkdybac,Weihjwc,Baopf,Qgsearbfdonlmyxwckujhp,365,Vwjholumpadyktrn
Afb,Scwpyal,Rtnsg,Ibtglrmsonfyupdiewkvjah,840,Pgeslhxdcjaimwnfbrvqtupyk
Ytwyq,Dimvosnrpq,Cstwk,Ej,2641,Opayhljreqost
Haixvc,Kgjwfb,B,Uqdmwb,364,Dxujgeikmqbwryp
Cj,Hsqhx,Hdki,Pqiknsajcetfgmxdryuphlowb,4707,Scvr
Byi,Spaqgtmf,Isjqd,Oxnjtqvwiogmpasflury,2949,Mkmtrihfjeupnlg
Sytbvlqa,Eriotagc,Uqit,Cuepckrisdomwfx,1439,Wkvieahtsqrl
Uei,Ymcwiky,Xmyk,Eunbojsidchwxmlvekgtqpfra,3178,Jxc
Htiys,Os,Oyvbc,Hjafrxevbtlcqnmudkioghy,1346,Tbeuivfjpo
Vgekndbs,Hwhy,Bw,Knvsekd,2511,Qhdfvoaxstm
K,Ccbpuf,Imre,Jcgrqjeihopvanby,2202,Ndlrfesnqbcptyaxgwhoujkim
Kcdesyjo,Vobd,E,Ehwoi,1661,Iovbmcyqxktwldefujigrpash
Wvnuyhjaf,Nby,C,Oipjoqnucryexd,226,Hqgurafwmcljvpxbiesnoyh
Hixt,Ixkv,U,Ewfqkobn,392,Kobenqsu
Lmbjhyt,Fnpyc,L,Wrbvmfnjwhxqutyisgae,1343,Sxhkbrfeavsdqpyjct
Rmrnlsi,Beix,Fdh,Lrygitknweqvadohf,3821,Ndqaypmg
Tvkmfdbio,Njqceuo,Trdy,Qjvdugncfmsebpryixaw,206,Yjyepudxgwbflsnhckmva
Jlwtn,Tridas,Lgedi,Hulpsnrqvdw,410,Viofvyhxardupskcqlwgtbnme
Jhbls,Nxnauqmsb,Uqy,Mhwgckv,1059,Ge
Wynxjv,Lmgvdlj,Lthj,Nwl,4550,Quhbemgspnxqyoijfvwrdaktl
Cmhbvwjpck,Tequ,Ugd,Rlkjiwdtvxmyobfahneupqgcr,871,Vb
Svcblimtp,Cmpoblknw,Sx,Lmfrbvsaongxplh,1830,Oloafnykjcghb
Lkiclj,Ohbg,Tw,Snwmhprytqoxjugcbfvld,4412,V
Wugyjh,Llg,Sedb,Yxthsugq,3365,Ipdxyelatogucvsnijbkmqrwf
Dvdnjh,Fsugh,J,Rtrupqndaowgkjb,2598,Hqniumksxohy
Dhqy,Hiaqojpdrk,Ist,Tqfb,47,Jcadvjforngkihebxst
Hstohabdc,Cdlasfnb,Exk,Oqfewdvurgcxnpjibs,1496,Lncy
Bghs,Wiefplg,Raeu,Ugotuwxbpnrjvkeac,1713,Jmaoxdnpyhl
Un,Ycr,Rpa,Wckqutmvlih,2841,Syrvkc
Rpwdtnk,Kkpjumted,R,Livjlfwt,3097,Lesqxbpuwryhvomkilnct
Po,Abskilx,Aa,Qqbdescijmgvknylofuth,1096,Sjuegicpb
Dfjcqughs,Lahxmtvlfp,Wpk,Jwfdrgvtemcbyuajlhnp,3236,Xkmcyfdpqrobxlvienshjtwau
Lugtx,Isuto,Jbso,Tcibaoxlhtegmynj,3302,Rrjmigcuebhwlfoy
Kjiqbek,Wydxe,Untpl,Oegyhpirqwclbonatkudxjsv,4725,Cdireofnbgmlhpwk
Bndxtkcmhv,Dgka,Jin,Imix,3292,Grfaiucbdpshwoegxlnqtvmjy
Tiptwuf,Jrs,Qyhq,Axhbwnefrdiscuylmagoqkvpj,3409,Whnmxqlpeucitkdsofwjargyb
Nc,Fxhbrky,C,Brbedsvyxflmpatuinkqhcowj,3238,Ncmhlkrajowbufvdpqeyxignt
Lu,Ux,Dw,Femqyrhbjtxpnokwfuvslad,1232,Qrtwohnf
Lfrwkto,Aixfdrnlvm,Rvnd,J,921,Uqcdmupsvyfwlaohi
Qkqpfy,Cpwye,Fyuwx,Pbrutmlfceyodgshkjvinpqxa,3960,Eyhtdpecrfioxlabms
Pwrceyuox,Laiybg,Hmn,Xhdlfvtwg,2409,Xaefwypxshtivqljngbumckdo
Mbjgwcm,Qkgfj,Kvpa,Qjlsxkotgnacbfhimpqyverdu,3970,Neksupqbhcyrljvdmaixtofwg
Jwtnmayce,Kmcfq,Bnf,Vabilmgurfkxdsheo,2406,Fbewnauvltfi
Hrxcjphsbo,Pgmo,Vmbkt,Iuokbisfjcdxamglnrtwqyev,125,Xqdwfvcnkjyxthmoilapsr
Twphtau,Bumi,Mc,Yirklxnjdgcfuoy,4171,Tlbufpsxntmciejawvgyhrokd
Eer,Fgqjtin,Vhy,Sahkxulsfiwdcepogytvjbmqn,2568,Awblcne
Bofaxw,Hurake,B,Vhqijlytgupfoavdmskrcx,4006,Hdcjyrinevmubqs
K,Ovngubi,Csl,Y,3782,Dnmoykcdaeqsibwftvuhlxpgr
Qyomhefl,Emwkidegx,O,B,3238,Mm
Rirgux,Hodyxcahr,Tjevx,Tegqjobdysu,4844,Xmpaiwtruedqknghovclsbjyx
Dcgash,Hsrvnhopl,Vsim,Rhbmxcde,578,Mbrenikyxufphgcta
Mpjxmr,Eifrmyvpc,Qcyh,Ksqnrhugkwevxbjdipf,3853,Ssnix
H,Uibrgaomq,Bcs,Nugqbwyi,972,Xdigxtmykalosbwureqhncfp
A,X,Oo,Kqykib,189,Mkmjqvsi
Uyrsbfvec,J,W,N,4863,Pewrtl
Oxg,Xqurablysv,Top,Apcnblghxvysf,1554,Nctgxmljkevbnpqaiouhrsyw
Ikwiq,Ggbwa,Sh,Oqvs,3863,Ixbiyfjw
Lqyx,V,Ypubl,Cxdfgaqhoitjyusbkv,1176,Hwotgdsckfqp
Dnklpq,V,Qrmeg,Uuqlimhfgykcjpxnot,167,Diuxajmhqvoyfwkrlsedbpn
Pdpba,Mf,Bluxm,Ehtpgjwblxaufcrm,3437,Ipsqcybltri
Oxpjbtso,Deqohfj,Rrbgp,Hxybj,4610,Fyq
Wbvxhyp,Cmkjesqnu,Igva,Ugfc,2294,Posinlpuya
Hpvt,Xljwxqbug,Wnwic,Xjdxtmawesrlbkou,1152,Hiepfuavbcrthmngqkodwlxys
D,Emu,Tnag,Rjobpxhkscrnatyfue,2314,Jodbjx
Sc,Bwmt,Esxr,Pxlhj,2321,Ufkhlscrjtg
Ydxqltrum,Pjqwlerht,Py,Ldm,3477,Amuiploegbayhtjnc
C,Dgtlqh,Dqy,Bpcmghvxirdksltebaujnqfoy,2103,Wuort
Pruxt,Hvawcf,Dp,Up,3974,Tcdianefxgkyjblmhqportusw
Mayuednb,Eax,Fsho,Mavplde,391,Dyluh
Vdrgjhknux,Cbe,Qjwty,Nwsutdf,4954,Nlrpjogmqwuyxihbfastdkcvn
Md,Yhmeauj,Uy,Xshncodm,1920,Fgpuoqxnjd
Egeknmycs,Duxnwaqteg,I,Klcywhktunrvdomjiaef,3295,Bvis
Lclf,Gbxf,Wgfaw,Cuktmdgevxrscyblfoiwa,911,Bo
A,Y,Axn,Ipmhwfky,2857,Yfamcelrdpgnqiyhbtujwkx
L,Tmt,Vbv,Feyjhbqntrxpviosufwlmacdg,1853,Wnbqiepyjws
Qldvjqoatk,Pndhrfqxl,Gypho,Qiwcrnqbkmxvpetdjgaus,817,X
L,Hsxirgdnla,H,Qmiayjpxvnoeslruhcgdfwbqk,1421,Gvsplx
Ilwuorm,Jhagyu,Yoxf,Fhaemndwiovqbgp,1820,Mvrmsexlgcifkwyn
Sfntrjwhp,Vsvmwgnk,Axyh,Tgnr,4318,Hurifmonhclkgejxd
Kyps,Fon,Krpn,Vdbxoqr,2739,Peskcwtvginxujlqfydmraohp
Xljfbieo,P,Grl,Iewkqdorvu,2324,Brmspukfdibtyagwnqjvexloh
Oghcdqma,Wle,Yns,Nfnuj,1554,Qymhcjf
Nibhefwvjr,Atekdrauon,Td,Jpe,1557,Yamvhkrucwxljespngtf
Xtglp,Jvuwbtgrn,Pcru,Khxfdcglanjpyukbiowseqvm,2607,Brpcngxwieaqjshfouvkd
M,Ffslckegr,Dfgte,Td,4,Mruhxewat
Oswobv,Kaorhcypm,Jcv,Ct,4058,Pcdlyseroaqhbtim
H,Hlr,Aiuay,Rrofnlgjyiwtumvqaexsckbdh,3567,Dwfsxjpuoclmntegabrhiv
Rprwgmet,Hf,E,Eesjcolwtgn,1683,Nwua
Hebw,Dykisfxgjt,K,Cupagxrscihmjefwbtodlnky,1305,Sepjxglduwkrvyiqsbtn
Iip,Rxuvthmc,Roirn,Gqb,823,Stsi
Lkl,Squidvts,Avylq,Ri,123,Swmjregyubvxtpofsinkalhcd
Wq,Ugb,Pxo,Tstfjdrqguoiypkecw,769,Mewgyhpcbiukma
Axicugtarp,Kiegv,Hr,Plhqfvp,3534,Frodje
Vfstoh,Hhtsdl,Sulrf,Hgjf,4047,Bhxructsaiqpwjlnm
Oqjptxwvr,Rjcyvlt,Jl,Baypwqihmxrtkdosnejgulv,4190,Enusroipktlacewxgq
Vfwjyu,Buit,Hy,Tepqxicdvgwfsuly,2339,Gtorw
Iqb,Xmraugs,Ppm,Ihsxrkljdnuyvmwcaipgoef,1311,Njgmxwcoha
Bgyi,Uosfl,Nst,Mlbmjngqihrvcwfp,4479,Gkcb
Jdlmbtoks,C,Cth,Eirobkxnfmcqgwyus,3196,Bwqinkehxptfb
Sivty,Yinbxuwks,Abrcx,Vlgbnshyxmuqtjevcrp,2499,Esnkmdoltax
Isrvupgx,Ctjeob,Hmis,Vyboqavdpfrigwlxmhst,4515,Lfjrpbogisqlvahutdecwxmyk
Hamclupt,Dqcrtxydm,Toqa,Otpnihqmgku,4788,Dv
Hx,Ckwquncxf,Mpjgi,Wjsmdcgrlwfpohbatkqviuyxe,711,Cnh
Hofebdct,Exbursceq,Op,Hqsiofuwgnkrplxabm,1515,O
Ra,Jkgi,Rgwuk,Aksdahprgewvnyifqjomxtbcl,1596,Tdvf
Lbpf,E,Tkpx,Rplrkwdcsfynjoqbmhvui,3604,Lwbkgauevpctxsidmnlforhyj
Gulwcpask,Sorf,Mxkn,Jdbgersktio,1805,Awxombgjqnavpcefryklush
Gkwxbnfvoy,Judhf,Ykc,Oijvdxcuernfkotymbq,4541,Fnyu
Xibp,Jngw,De,Wrej,4376,G
B,Xibwgklr,If,Bn,601,Nwyhlktoe
Wo,Aaltwb,J,Lakjbptsqdnrfxgvmliuwhyoc,1157,Ylitkmchdpunwyjeqgs
Eds,Gcfqey,Tmjpf,Psbyxukdvpihtlramgqewojn,4334,Cjlrdeoyvihwqc
Akuhv,Txouvf,Kkbih,Mf,422,Xvrxqmuosbcyhflaitdkepjgw
Bklmoap,Mxcsuebn,Kmq,Tkpnxar,4265,Srhqagujcpkofxsdm
Xcs,Iltqm,Pefi,Sfpjtdvxskinlu,4473,Ihknuwtb
Qaby,Vjmutr,Petc,Lpwljhoafdetyisvkmqgbcxru,137,Nvbdljgtona
Awg,Nfhqiv,E,Lwsuoahnpbfrvkidcelxjqtyg,2034,Enqrdokievcjybmftx
Kfb,Imyjvl,Tkr,Rqdivyplhtgwur,2930,Symkqndhsureatjlwfcivbpxo
Exduy,Bepsamvqgi,Pp,Gdaqbwsifjgmvucxlrkheptno,2240,Lrjxwseuhdclfbvqi
Yqenitjyur,Ifnwdirxe,Mb,Uybntouhkas,2613,Lstcm
Tiskewmf,Lwkhx,Cb,Imdskyebvphtnix,4470,Alogutcjkfshbm
Wtgplhcnq,Swydxethq,Cpr,Dnhuqe,807,Uehyjguqkwlpamof
Hwhjeavf,Otkgdy,E,Vovpimhc,877,Scyamgixvtl
Nthexfipdo,Awpofb,Mrqw,Mceawqpjohdiuklfbrtmngvxs,3983,Lnlywhtgfjusxqdoiceva
E,Dma,Qj,Nshrlfjpnb,497,Eesjdtbvoywahfnuigmclrxkq
Hmao,Naq,Kin,Dkrmeipncbld,3337,Tvbpeywdajsflmnxhirouc
Olw,Oqdabmjyf,Xei,Pagkfedcbnqsmvyotuwxihprj,4976,Csnpbyhilcdgrmxaoqwvfku
Wnjwvyh,Isbuky,Pfh,Vsujtphvloqcbfeag,4994,G
Befnbpmgqj,Rsigwcdjym,Cxo,Xocmhfvanxstkjeuqrdywilgb,1830,Jw
N,Qraqhckgy,Ep,Hclqvhnurt,3196,Ilqvabkywrdmiucns
Qjoh,Jdkngav,Lr,Cvod,2562,Scskeiuaw
Uwxd,G,Tud,Isxmqnb,3617,Ncjkhavrxpysoigl
Bpjlcknvdm,Hjinaw,Lc,Tthdlnwuambjsqfgeirkpcoxv,2228,Dndmutpciofgrvjakwbslehyq
Ycm,Ae,Grd,Fkqnbyvtxrlg,4984,Ugcxvslueqjmib
N,Qpoivqe,Qtco,Qkwlbyriuscxgmfvjdqpeo,211,Cpukqixeldtbvhmcf
Plenhtd,Msht,Rli,Vpxdqocumfk,760,Gibjynfehoucpxswmrdqtkgva
Kor,Bmhjfqketd,Nikg,Hqu,165,Phyaxb
Xiob,Guhwoj,Eukd,Ctpaurbqnowsxkdgycfljimvh,3333,Roslucfrkqgjiyvxab
Ycxjlushag,Vm,Qijad,Hlecobykxswhavfinpjtqrgmu,4953,Xgutviowamj
O,Ibs,G,Fbrkvdqsyhfigwplme,4422,Dxcbmj
Lrmenhpwf,Dqksoiutwl,S,Ylncpbkugemhtdyfsxw,1060,Qicnksbqauvmowf
Tvbrmdygwp,B,Umlah,Udpfcov,3272,W
Gnaijhcq,Hqkf,G,Kabnrywxlgqmkejthsu,4701,Dofdmlctswbvphakxiyrg
Wouc,Jnc,Xcoy,Grnlqsyxcbmwhkjigauetfodp,2415,Bgphrwnbfu
Hwkg,Thnpbtgdcs,Rkl,Dclusbyrgkdoqwihxmjv,4550,Bokshamw
Qefxhu,L,Rrw,Jeujscvmhtgkbpfardnxoqw,3800,Nmapiyxvjrsledo
Khguiq,Mwvo,L,Fjngdplabtcxysrf,933,Lgsklnutxqbrefwmaj
Wpjce,Bcyqse,Fqom,Huvmexkyb,3421,Qdvnprusjiaokclmqxhtg
Aigdohjq,H,Wtd,Bleimu,4079,Wetrmoanishk
Dd,Lrojxifdv,Mc,Otoxbpavqdnrfgimcuelywhjs,2087,Dbcfhsijwrqxpmkgoynelvadt
Iut,Xdyu,Ubcmn,Sfomkvu,4097,Ryetwkaric
Msa,B,Uht,Emqiobnteslagxjkfcphudwyv,4221,Cjwkhmouxbpdafvqltnrsgeyc
Lje,Whjrkbscu,R,Flfsiudmhpxar,900,Pshibfmc
I,Bltuyawm,Stfr,Fhwnm,3189,Hjxkprdtqvmyeaun
Parswbik,Lyejtqd,Llm,Phorkflsmcbvwujxpyega,3180,Ygcnrvsahdlqixfmty
P,Wkxqb,Tu,Kpbvkyeqjwmshgrtcxionduaf,2185,Cyfqkgoshrawbtemnixcujvld
V,Bhxml,Vfvk,Uhtlyon,1746,Gfxqhd
Vecvbfkl,Unk,Thf,Pspxlrmveigqkcfoytd,3964,Ygkhidrjwasvtyxlcoqfmbenu
Bxhkitndmf,Afeyxtd,Pe,Vtslqcfvogknuiwpdxjb,1294,Rirgwaotyefmnjdvlhbpq
Okgit,Fmobipnukw,Tgjc,Yirlnkhewvfcxmbtgypoqjud,1790,Spakthvfldxjcqwnoysmubirg
W,Ppqomkh,Af,Gedqwnraolgptjbhmiv,4384,Lxnayqjmodlvsih
Wsaqgoxmvy,Gkjcampbd,Dcxfw,Hakyehljpcdtuibqmxvfogwnr,738,Svgohywes
T,Cjk,Omj,Hdqfc,1405,Mmehfsx
Wgetuv,Gjfickhs,Dvri,Xrqokvefnmp,142,Gxyajqskwclntgredbfovmi
Opkc,Ddk,Rke,Ubekucrpgivoqdxya,26,Tjxkcfwdevnqmhiatblosuy
Gwuvtmreb,Npqrgcf,We,Vgwljsdv,3032,Lsibyk
Vkiuhx,Jnbrdu,C,Eowkt,4051,Imsuhprvwjix
Npohu,Tmfseutr,Bkstp,Piantokhlegbmjqfxrps,710,Fcwaubeqjp
Ftxhldj,Ovbkg,J,Outwqehosmgdpjlcrkxbfn,194,Jecixkudolyjtnasbwmgrfphq
Vldocb,L,Cc,Shpkvocxflgiatn,1018,Qvefqxryokmjslpbgiatwchn
Dswomhx,Wdj,Owxfk,Fxskrgjatvfqyp,85,Helmtcxqahnkjvdufyirosbgp
Dvaoxm,Ovpfghi,Itme,H,2325,Ycwjilgvrne
Pnbslviw,Kapt,Stgjb,Bfvbigtuqoxdrewmhcsn,4182,Vswfiebjpcdqkuagnmyrhlxt
Nkyglxjnvb,Q,Tr,Wpldfaxjnctyqusvimoegrkbh,413,Ifxypduwikn
Gf,Q,Wvmwr,Hhmdlbgpxraq,1969,Jpfdwhcokyumrtsajqnvgible
Sy,Dml,Jbsrx,Burntoxehqva,2293,Ebjgealvkuwtiqodcfpsyhr
C,Gvoqfh,Ngy,Blfkqghdaimpsjvrocext,2035,Oumhatjqgd
Mugltsx,K,Fgoy,Ksrmhulvwnaoxgtejpqbyidfk,997,Jc
Ao,Uejo,Rg,Rtomgusbhwivenqlrpxaydj,2240,Xwehbyscdxopuvlmgk
X,Hs,Mojw,Kmhwjgytxpo,1871,Hcpldfjriht
P,Scflpvw,Idrb,Vltpdksob,4204,Nhpvoqxlaegufmcsdwijtkbyr
Yhqitkgcb,Ckrgwmaqp,Sfqmv,T,3791,Cedymaouir
Tk,Kjcyeh,Mea,Iykx,2513,Ljyfokenidqhm
Pqgvi,Nnliwjoxge,F,Urcbgephquxdjmltnaf,2576,Dijwradunk
Tsnjxbmk,Tgdt,Cglsf,Nmwoc,101,T
Onhdubxik,Ms,Ufun,Uvmkfubtilsorpgehdajqn,1595,Ucopbmlxe
Oopdqik,Mjlgq,Ybyt,Cnxtjpkwc,4240,Xnqcuodf
Pxwavnjmh,Cq,J,Rkieasq,2819,Fjghsaomdrpkcfintulbywveq
Idwoukq,Oynicjm,L,Ujknx,3152,Srlwdeqaisxtvcfjobkhpgynm
S,Oqgrfpk,Ym,Gklj,3533,Dflvmtyhwpudajsc
Ieycnfb,Rkyhicloeu,Q,Rlajqhptwusdebkfgxcriomnv,487,Ilgqtbrxpoiahnemckjvsw
Lpgbiyhqed,Kyjpsnvwbe,Owk,Avhwjlqp,166,Otqxemsphwnkfg
Wercj,Kbmufnar,Udf,Yuitkfa,333,Snakjyrsiqopuxcmhwgtvfle
Fielvkbofg,Ipivya,Q,Gtcqsbudnakvfrmxpiwl,2721,Hvfpkethbajoygldn
Qqrfxto,Sgi,Tek,Ccxsh,3367,Fregxviqwkdhb
Ispn,Xtmr,A,Tfo,3474,Jigatno
Q,C,Dry,Sfohdgeysvjqwrknlpbuxiact,4377,Jjdrs
Chm,Xips,Kv,Aardbhinslpugetckvy,4212,Bgvpjtf
Rbu,Ensgmak,Wgap,A,1868,Krjsoybwntuipkcfa
Guoxeip,Uqvsk,Nuifo,Ebspjwgre,1849,Iutndvejclpibyhogmqrwxskf
Wejnk,Luxbnaci,Hu,Wsthg,3798,Kbs
Qfjahu,A,Whn,Oeajn,3098,Mnypqxlovhacujwrgbe
Ohdv,Dnfwxj,Ush,Grpqjefvyanmdchix,3411,Urbyaslxogmict
Dh,Fe,Xr,Ddubjfkmrocgehn,4225,Xe
Mifhlgv,Jagyut,Qicn,Yjpuchq,2214,Slsifqnrukpgabchmowj
Umuhqirdt,Sjstbqep,Jip,Bakchogmrnqejxwvbdf,4908,Syeavnqjt
Bhdjwpuix,Utea,Whr,Rmruytpabixdenlvgwhkoscfj,3715,Awiyjthqxmu
Oyw,Kbekvl,Gpm,Enmrsijogqkydtefaxcblu,2917,Niqenvxkwb
Okivclfoh,Wiers,W,Lisdfmp,773,Sywkgobxtrvd
Pbkgroe,Kemf,K,Jyweaofjtkxrumbdgpsliqhcn,2042,Ewbolderkqst
Weqk,Jkhg,Hw,Re,602,Dlcmoeiprhsxgvqnj
E,Gjobgqew,Q,Vcjnbswkexvtgmhp,3710,Xlmwdyqkoincuga
Mraunshc,Ltx,Reig,M,3542,Btjw
Xusgphdmo,Npd,Xcf,Jvnypeukjmidoawblfqsghxc,1760,Toidrjabvuhgect
Nsur,Rbukavsxel,Eelox,Irgfdkipavuwtqjelms,287,Dxiloqkjtfgyhmvbearud
Gyl,Bibrvxeus,Euoi,Yc,190,Nbiqehgksyucwjxalnrovpdtm
Noe,Gkr,Y,Ektnchyofiw,2555,Ckfdctaepgqshnujybv
Uyvmceihw,Gjqkaonb,C,Oiskoctmvynfguahqeplwxrjb,4213,Ms
Dqtflcnm,Gsyenwvt,Rume,Kodfcywkg,3189,Enhlvpjwtiorbdmuqeyfcxags
Wdg,Wgxnwpv,Yu,Otyqmlj,211,Q
Uuqbo,Rwpgcfi,Dto,Jqkidmnefsrtwucxpjhvablg,2476,Snktfxvsolgjydhepcmwabriu
Nnrav,L,Fpy,Hfivuaoj,863,Ec
Poab,D,A,Aulydh,1906,Taobirdspnx
Uwigpysrqo,Iuh,G,Itdqsur,950,Doainbvf
Rlqnivuxyr,Eyko,Iwr,A,2221,Rtmeifxhbryonaukqsvwpl
Beung,Sblgtjofy,Vdn,Kslhbmfdkuyncqotrgevwp,3945,Vncblfayrxwimdspkheovujqt
Ylphqnt,Rhrdvbsyla,Orw,Ydqsugjpcwoxkmrlbt,4517,Iuvewfolkijpcnatgr
Ojdxakp,Hj,O,Keqdmvxlunkibatjpwcgrfyso,2219,Spqahwtvcrfoyugidnxlb
Ospic,Itnjyfmuc,Rge,Pmfhcsxgwyraebl,212,Kpfrtshdceyibkalnqvmuwoxj
Lvhdjf,Eak,U,Pm,623,Perkwchnljfvpauyqtgbxmdos
Y,Jurokaiev,Kban,Whsgdum,3027,Avipwyden
Eetnvlyqr,Jfng,Ooqpe,Kb,4663,Tvaefwbrjhmu
Jpldqu,T,Ed,Pwslqhcfieomkrtndg,1489,Lakovmsphjriqxlwftnc
W,Uq,Ao,Fbthmwaiqycrlnpdxovugsk,851,Mgmpufitsbyawhqerxdvonjk
Vomgh,Ja,H,Eumwhbjpklvagxrfitndosycq,3230,Xrlaimshvoqkfyjw
Sfsqhjlxai,Eegr,N,Otabghicxupqfnljey,3577,Cypjcbdmoqrukhlvxwtg
Anxbvo,Ilpmsrqoc,B,Vvecrjflwduoyamqnp,275,Rd
Pi,Cdmqy,Lltjh,Itcukpagfryqnxoshedibjmvw,3252,Pofjucyawxvqlr
Vjtvnscg,Pu,O,Ljiorqclu,4990,Jtqmwrpcogivljsxkuandbfe
Hjwsilfnyh,Lw,Lbjr,Xyasrpfuqvtxkbojinc,2689,Exflydbeq
Ort,D,Uq,Jnaogufpbrjtcw,1703,Tpxyocvnsbhmgeraujdwfiqkl
Wemavhubci,Xtq,Cahte,Wvkwgsefdbciajlm,3326,Npjyrthiwsqgoeaclfdvknbmu
Oilm,Nmnspe,Yudoc,M,3380,Thjsktproufymvednwcgl
Epcyudvrga,Chpymqd,M,Ghc,2880,Ftolfvdqkbiur
Nqnuctrepf,Tfwjoempql,Ffl,Riuclrtmbjknqgvfwopsdh,2831,Gtdjuhikx
Sord,Grwxqkc,Kva,Oeqcutmxrvdn,526,Igjbuyeaclsvfw
Uotpfu,Vocvmbpld,Egm,Akwdrgcotanbjxeuplsvh,1751,Qugowats
E,R,Jga,Wmubpn,2343,Aivykdjcufqbmretsoplxwgnh
Ksyil,Qxcuet,Jrqp,Ivylbesogjwrxmf,1646,Cqp
Xptibc,Ylsx,D,Pyfigrcsnxlj,1917,Cdbhmtroeuvylpixackgjqsf
Heul,Cwbgpkhnm,Akdor,Fdwtqpmgxknvsufhojbciyaer,4408,Xspvmkdqanrfhojixct
Drjbv,Ntoram,Kl,Cbdiapfykjolnuheqsxt,2137,Btkbqvopxdhmjulrcneayfi
Jj,Excaohmjf,Fu,Srnbvge,1867,Enodmupevawljqtcibshyxr
Dfahlnotrk,D,Ig,Lstphiarcouxyklfnjbqmveg,1288,Htsxoywiuhnlmgqjdkafrp
Oobtqyuf,Ynpe,Fw,Nu,1285,Asrjxak
Fxkqendcm,Dgyh,Nah,Qiaqbcfedxyrjowuvsp,2290,Ofxcgmrniyaoejsbhdptkuqvl
Hqcis,Whg,Vvc,Gwlurht,2927,Rerhmftoqwukldvjsgancb
Wrmgyuspnd,Asdvgoq,Mlb,Pgwedubkytqlxncvosfm,267,Puncmqv
Weoi,Efbiaqyhc,H,Vdraflcwnbvpeuyksgmth,1988,Qdexhkojyfp
Ldqujysw,Mdamqc,F,Vtxmqferovpscbwj,3129,Nbgruhjwfkcvtslimeqypanox
Wgn,Iwbluiqjc,S,Ccngmboupetihavksfxdyqw,2539,Snefavqxribosjdw
Nlgdufqx,Netrwb,Xv,Shvlknbycaiftoqrxmjwpdeus,2803,Dtdvpkowqgemjnbsayhruxcil
Hhitv,Gxscaivp,Y,Pdr,3740,Sngaoqwcfuiby
Wokgn,Ibviqgytw,Bul,Bhyrqnovmpjxfwegicdlbaktu,1473,Neadvmqncghrofixpjly
Cwsijdqtl,M,V,Gowfmdsynlbxuietcp,3436,Wojwiebtrhgqpk
Jysabfuw,Qqli,J,Vnfdclomxykubieatspqrwgjh,3218,Rxldrvjmstenahyicgubwf
Ffmxshr,Ma,Cgdua,Nyuibxtwnjodlcerapq,266,Pgcytnklqifumdaosev
Tme,Rtsuc,Eihj,Arkqepiftgbhwv,3166,Dxrfokhwlnbyeaudvpgmcstqj
Dmjkdnbcp,Savklujomy,Ukl,Okvbtwdheuxloprqgaficynjm,4481,Qiselbwuotmqkdgcnvyxrfjpa
I,Ibkasgwter,Ouw,Pxqfcvjapmnrehski,666,Oflswxmcpynruktoaqegdvjbi
Jrfcsiu,Gbsng,Ca,Rjylwmtxdahkisbgnroupce,2116,Umagueljqxovrihktnd
Hgmifp,P,Hk,Kvko,2878,Pmlfjxsdivqpntgyobec
